区,地址,地区
东城区,北京,华北地区
西城区,北京,华北地区
朝阳区,北京,华北地区
丰台区,北京,华北地区
石景山区,北京,华北地区
海淀区,北京,华北地区
门头沟区,北京,华北地区
房山区,北京,华北地区
通州区,北京,华北地区
顺义区,北京,华北地区
昌平区,北京,华北地区
大兴区,北京,华北地区
平谷区,北京,华北地区
怀柔区,北京,华北地区
密云区,北京,华北地区
延庆区,北京,华北地区
景山街道,北京,华北地区
金融街街道,北京,华北地区
东花市街道,北京,华北地区
东华门街道,北京,华北地区
安定门街道,北京,华北地区
北新桥街道,北京,华北地区
龙潭街道,北京,华北地区
西长安街街道,北京,华北地区
月坛街道,北京,华北地区
德胜街道,北京,华北地区
朝外街道,北京,华北地区
建外街道,北京,华北地区
丰台街道,北京,华北地区
鲁谷街道,北京,华北地区
海淀街道,北京,华北地区
胜利街道,北京,华北地区
潞源街道,北京,华北地区
兴丰街道,北京,华北地区
拱辰街道,北京,华北地区
大峪街道,北京,华北地区
和平区,天津,华北地区
河东区,天津,华北地区
河西区,天津,华北地区
南开区,天津,华北地区
河北区,天津,华北地区
红桥区,天津,华北地区
滨海新区,天津,华北地区
东丽区,天津,华北地区
西青区,天津,华北地区
津南区,天津,华北地区
北辰区,天津,华北地区
宁河县,天津,华北地区
武清,天津,华北地区
静海县,天津,华北地区
宝坻,天津,华北地区
蓟县,天津,华北地区
石家庄,河北,华北地区
唐山,河北,华北地区
秦皇岛,河北,华北地区
邯郸,河北,华北地区
邢台,河北,华北地区
保定,河北,华北地区
张家口,河北,华北地区
承德,河北,华北地区
沧州,河北,华北地区
廊坊,河北,华北地区
衡水,河北,华北地区
雄安新区,河北,华北地区
桥西区,河北,华北地区
新华区,河北,华北地区
井陉矿区,河北,华北地区
裕华区,河北,华北地区
藁城区,河北,华北地区
栾城区,河北,华北地区
鹿泉区,河北,华北地区
路北区,河北,华北地区
路南区,河北,华北地区
古冶区,河北,华北地区
开平区,河北,华北地区
丰南区,河北,华北地区
丰润区,河北,华北地区
曹妃甸区,河北,华北地区
海港区,河北,华北地区
山海关区,河北,华北地区
北戴河区,河北,华北地区
抚宁区,河北,华北地区
邯山区,河北,华北地区
丛台区,河北,华北地区
复兴区,河北,华北地区
峰峰矿区,河北,华北地区
肥乡区,河北,华北地区
永年区,河北,华北地区
襄都区,河北,华北地区
太原,山西,华北地区
大同,山西,华北地区
阳泉,山西,华北地区
长治,山西,华北地区
晋城,山西,华北地区
朔州,山西,华北地区
晋中,山西,华北地区
运城,山西,华北地区
忻州,山西,华北地区
临汾,山西,华北地区
吕梁,山西,华北地区
小店区,山西,华北地区
迎泽区,山西,华北地区
杏花岭区,山西,华北地区
尖草坪区,山西,华北地区
万柏林区,山西,华北地区
新荣区,山西,华北地区
平城区,山西,华北地区
云冈区,山西,华北地区
朔城区,山西,华北地区
忻府区,山西,华北地区
繁峙县,山西,华北地区
宁武县,山西,华北地区
呼和浩特,内蒙古,华北地区
包头,内蒙古,华北地区
乌海,内蒙古,华北地区
赤峰,内蒙古,华北地区
通辽,内蒙古,华北地区
鄂尔多斯,内蒙古,华北地区
呼伦贝尔,内蒙古,华北地区
巴彦淖尔,内蒙古,华北地区
乌兰察布,内蒙古,华北地区
兴安盟,内蒙古,华北地区
锡林郭勒盟,内蒙古,华北地区
阿拉善盟,内蒙古,华北地区
沈阳,辽宁,东北地区
大连,辽宁,东北地区
鞍山,辽宁,东北地区
抚顺,辽宁,东北地区
本溪,辽宁,东北地区
丹东,辽宁,东北地区
锦州,辽宁,东北地区
营口,辽宁,东北地区
阜新,辽宁,东北地区
辽阳,辽宁,东北地区
盘锦,辽宁,东北地区
铁岭,辽宁,东北地区
朝阳,辽宁,东北地区
葫芦岛,辽宁,东北地区
皇姑区,辽宁,东北地区
铁西区,辽宁,东北地区
苏家屯区,辽宁,东北地区
浑南区,辽宁,东北地区
沈北新区,辽宁,东北地区
于洪区,辽宁,东北地区
沙河口区,辽宁,东北地区
甘井子区,辽宁,东北地区
旅顺口区,辽宁,东北地区
普兰店区,辽宁,东北地区
千山区,辽宁,东北地区
溪湖区,辽宁,东北地区
南芬区,辽宁,东北地区
古塔区,辽宁,东北地区
长春,吉林,东北地区
四平,吉林,东北地区
辽源,吉林,东北地区
通化,吉林,东北地区
白山,吉林,东北地区
松原,吉林,东北地区
白城,吉林,东北地区
延边朝鲜族自治州,吉林,东北地区
南关区,吉林,东北地区
宽城区,吉林,东北地区
二道区,吉林,东北地区
九台区,吉林,东北地区
龙潭区,吉林,东北地区
丰满区,吉林,东北地区
二道江区,吉林,东北地区
龙山区,吉林,东北地区
昌邑区,吉林,东北地区
哈尔滨,黑龙江,东北地区
齐齐哈尔,黑龙江,东北地区
鸡西,黑龙江,东北地区
鹤岗,黑龙江,东北地区
双鸭山,黑龙江,东北地区
大庆,黑龙江,东北地区
伊春,黑龙江,东北地区
佳木斯,黑龙江,东北地区
七台河,黑龙江,东北地区
牡丹江,黑龙江,东北地区
黑河,黑龙江,东北地区
绥化,黑龙江,东北地区
大兴安岭地区,黑龙江,东北地区
道里区,黑龙江,东北地区
南岗区,黑龙江,东北地区
道外区,黑龙江,东北地区
平房区,黑龙江,东北地区
呼兰区,黑龙江,东北地区
建华区,黑龙江,东北地区
龙沙区,黑龙江,东北地区
富拉尔基区,黑龙江,东北地区
昂昂溪区,黑龙江,东北地区
碾子山区,黑龙江,东北地区
黄浦区,上海,华东地区
卢湾区,上海,华东地区
徐汇区,上海,华东地区
长宁区,上海,华东地区
静安区,上海,华东地区
普陀去,上海,华东地区
闸北区,上海,华东地区
虹口区,上海,华东地区
杨浦区,上海,华东地区
闵行区,上海,华东地区
宝山区,上海,华东地区
嘉定区,上海,华东地区
浦东新区,上海,华东地区
金山区,上海,华东地区
黄山区,上海,华东地区
奉贤区,上海,华东地区
青浦区,上海,华东地区
崇明区,上海,华东地区
外滩街道,上海,华东地区
徐家汇街道,上海,华东地区
江苏路街道,上海,华东地区
江宁路街道,上海,华东地区
真如镇街道,上海,华东地区
莘庄镇,上海,华东地区
友谊路街道,上海,华东地区
新成路街道,上海,华东地区
花木街道,上海,华东地区
山阳镇,上海,华东地区
方松街道,上海,华东地区
夏阳街道,上海,华东地区
南京,江苏,华东地区
无锡,江苏,华东地区
徐州,江苏,华东地区
常州,江苏,华东地区
苏州,江苏,华东地区
南通,江苏,华东地区
连云港,江苏,华东地区
淮安,江苏,华东地区
盐城,江苏,华东地区
扬州,江苏,华东地区
镇江,江苏,华东地区
泰州,江苏,华东地区
宿迁,江苏,华东地区
玄武区,江苏,华东地区
秦淮区,江苏,华东地区
建邺区,江苏,华东地区
鼓楼区,江苏,华东地区
浦口区,江苏,华东地区
栖霞区,江苏,华东地区
雨花台区,江苏,华东地区
江宁区,江苏,华东地区
六合区,江苏,华东地区
溧水区,江苏,华东地区
高淳区,江苏,华东地区
滨湖区,江苏,华东地区
梁溪区,江苏,华东地区
新吴区,江苏,华东地区
锡山区,江苏,华东地区
惠山区,江苏,华东地区
云龙区,江苏,华东地区
鼓楼区,江苏,华东地区
贾汪区,江苏,华东地区
泉山区,江苏,华东地区
铜山区,江苏,华东地区
天宁区,江苏,华东地区
钟楼区,江苏,华东地区
新北区,江苏,华东地区
武进区,江苏,华东地区
金坛区,江苏,华东地区
姑苏区,江苏,华东地区
虎丘区,江苏,华东地区
吴中区,江苏,华东地区
相城区,江苏,华东地区
吴江区,江苏,华东地区
崇川区,江苏,华东地区
通州区,江苏,华东地区
海门区,江苏,华东地区
海州区,江苏,华东地区
连云区,江苏,华东地区
赣榆区,江苏,华东地区
杭州,浙江,华东地区
宁波,浙江,华东地区
温州,浙江,华东地区
嘉兴,浙江,华东地区
湖州,浙江,华东地区
绍兴,浙江,华东地区
金华,浙江,华东地区
衢州,浙江,华东地区
舟山,浙江,华东地区
台州,浙江,华东地区
丽水,浙江,华东地区
拱墅区,浙江,华东地区
西湖区,浙江,华东地区
滨江区,浙江,华东地区
萧山区,浙江,华东地区
余杭区,浙江,华东地区
富阳区,浙江,华东地区
临安区,浙江,华东地区
临平区,浙江,华东地区
钱塘区,浙江,华东地区
桐庐县,浙江,华东地区
淳安县,浙江,华东地区
海曙区,浙江,华东地区
江北区,浙江,华东地区
北仑区,浙江,华东地区
镇海区,浙江,华东地区
鄞州区,浙江,华东地区
奉化区,浙江,华东地区
鹿城区,浙江,华东地区
龙湾区,浙江,华东地区
瓯海区,浙江,华东地区
洞头区,浙江,华东地区
永嘉县,浙江,华东地区
平阳县,浙江,华东地区
苍南县,浙江,华东地区
文成县,浙江,华东地区
泰顺县,浙江,华东地区
南湖区,浙江,华东地区
秀洲区,浙江,华东地区
嘉善县,浙江,华东地区
海盐县,浙江,华东地区
吴兴区,浙江,华东地区
南浔区,浙江,华东地区
德清县,浙江,华东地区
长兴县,浙江,华东地区
安吉县,浙江,华东地区
合肥,安徽,华东地区
芜湖,安徽,华东地区
蚌埠,安徽,华东地区
淮南,安徽,华东地区
马鞍山,安徽,华东地区
淮北,安徽,华东地区
铜陵,安徽,华东地区
安庆,安徽,华东地区
黄山,安徽,华东地区
滁州,安徽,华东地区
阜阳,安徽,华东地区
宿州,安徽,华东地区
六安,安徽,华东地区
亳州,安徽,华东地区
池州,安徽,华东地区
宣城,安徽,华东地区
瑶海区,安徽,华东地区
庐阳区,安徽,华东地区
蜀山区,安徽,华东地区
包河区,安徽,华东地区
长丰县,安徽,华东地区
肥东县,安徽,华东地区
肥西县,安徽,华东地区
镜湖区,安徽,华东地区
鸠江区,安徽,华东地区
湾b区,安徽,华东地区
繁昌区,安徽,华东地区
龙子湖区,安徽,华东地区
蚌山区,安徽,华东地区
福州,福建,华东地区
厦门,福建,华东地区
莆田,福建,华东地区
三明,福建,华东地区
泉州,福建,华东地区
漳州,福建,华东地区
南平,福建,华东地区
龙岩,福建,华东地区
宁德,福建,华东地区
鼓楼区,福建,华东地区
台江区,福建,华东地区
仓山区,福建,华东地区
马尾区,福建,华东地区
晋安区,福建,华东地区
闽侯县,福建,华东地区
连江县,福建,华东地区
思明区,福建,华东地区
海沧区,福建,华东地区
湖里区,福建,华东地区
芗城区,福建,华东地区
长泰区,福建,华东地区
云霄县,福建,华东地区
东山县,福建,华东地区
鲤城区,福建,华东地区
泉港区,福建,华东地区
南昌,江西,华东地区
景德镇,江西,华东地区
萍乡,江西,华东地区
九江,江西,华东地区
新余,江西,华东地区
鹰潭,江西,华东地区
赣州,江西,华东地区
吉安,江西,华东地区
宜春,江西,华东地区
抚州,江西,华东地区
上饶,江西,华东地区
西湖区,江西,华东地区
青云谱区,江西,华东地区
青山湖区,江西,华东地区
新建区,江西,华东地区
红谷滩区,江西,华东地区
珠山区,江西,华东地区
安源区,江西,华东地区
湘东区,江西,华东地区
莲花县,江西,华东地区
上栗县,江西,华东地区
芦溪县,江西,华东地区
济南,山东,华东地区
青岛,山东,华东地区
淄博,山东,华东地区
枣庄,山东,华东地区
东营,山东,华东地区
烟台,山东,华东地区
潍坊,山东,华东地区
济宁,山东,华东地区
泰安,山东,华东地区
威海,山东,华东地区
日照,山东,华东地区
莱芜,山东,华东地区
临沂,山东,华东地区
德州,山东,华东地区
聊城,山东,华东地区
滨州,山东,华东地区
菏泽,山东,华东地区
历下区,山东,华东地区
市中区,山东,华东地区
槐荫区,山东,华东地区
天桥区,山东,华东地区
历城区,山东,华东地区
长清区,山东,华东地区
章丘区,山东,华东地区
济阳区,山东,华东地区
莱芜区,山东,华东地区
钢城区,山东,华东地区
平阴县,山东,华东地区
商河县,山东,华东地区
市南区,山东,华东地区
市北区,山东,华东地区
黄岛区,山东,华东地区
崂山区,山东,华东地区
李沧区,山东,华东地区
城阳区,山东,华东地区
即墨区,山东,华东地区
胶州市,山东,华东地区
淄川区,山东,华东地区
张店区,山东,华东地区
博山区,山东,华东地区
临淄区,山东,华东地区
周村区,山东,华东地区
桓台县,山东,华东地区
高青县,山东,华东地区
薛城区,山东,华东地区
峄城区,山东,华东地区
山亭区,山东,华东地区
东营区,山东,华东地区
河口区,山东,华东地区
垦利区,山东,华东地区
郑州,河南,华中地区
开封,河南,华中地区
洛阳,河南,华中地区
平顶山,河南,华中地区
安阳,河南,华中地区
鹤壁,河南,华中地区
新乡,河南,华中地区
焦作,河南,华中地区
濮阳,河南,华中地区
许昌,河南,华中地区
漯河,河南,华中地区
三门峡,河南,华中地区
南阳,河南,华中地区
商丘,河南,华中地区
信阳,河南,华中地区
周口,河南,华中地区
驻马店,河南,华中地区
济源,河南,华中地区
中原区,河南,华中地区
二七区,河南,华中地区
管城回族区,河南,华中地区
金水区,河南,华中地区
上街区,河南,华中地区
惠济区,河南,华中地区
中牟县,河南,华中地区
龙亭区,河南,华中地区
鼓楼区,河南,华中地区
禹王台区,河南,华中地区
顺河回族区,河南,华中地区
祥符区,河南,华中地区
涧西区,河南,华中地区
西工区,河南,华中地区
老城区,河南,华中地区
e河回族区,河南,华中地区
偃师区,河南,华中地区
孟津区,河南,华中地区
湛河区,河南,华中地区
宝丰县,河南,华中地区
文峰区,河南,华中地区
殷都区,河南,华中地区
安阳县,河南,华中地区
鹤山区,河南,华中地区
山城区,河南,华中地区
淇滨区,河南,华中地区
武汉,湖北,华中地区
黄石,湖北,华中地区
十堰,湖北,华中地区
宜昌,湖北,华中地区
襄樊,湖北,华中地区
鄂州,湖北,华中地区
荆门,湖北,华中地区
孝感,湖北,华中地区
荆州,湖北,华中地区
黄冈,湖北,华中地区
咸宁,湖北,华中地区
随州,湖北,华中地区
恩施土家族苗族自治州,湖北,华中地区
仙桃,湖北,华中地区
潜江,湖北,华中地区
天门,湖北,华中地区
神农架林区,湖北,华中地区
江岸区,湖北,华中地区
江汉区,湖北,华中地区
~口区,湖北,华中地区
东西湖区,湖北,华中地区
汉南区,湖北,华中地区
黄石港区,湖北,华中地区
西塞山区,湖北,华中地区
下陆区,湖北,华中地区
张湾区,湖北,华中地区
茅箭区,湖北,华中地区
郧阳区,湖北,华中地区
夷陵区,湖北,华中地区
长沙,湖南,华中地区
株洲,湖南,华中地区
湘潭,湖南,华中地区
衡阳,湖南,华中地区
邵阳,湖南,华中地区
岳阳,湖南,华中地区
常德,湖南,华中地区
张家界,湖南,华中地区
益阳,湖南,华中地区
郴州,湖南,华中地区
永州,湖南,华中地区
怀化,湖南,华中地区
娄底,湖南,华中地区
湘西土家族苗族自治州,湖南,华中地区
芙蓉区,湖南,华中地区
天心区,湖南,华中地区
岳麓区,湖南,华中地区
开福区,湖南,华中地区
雨花区,湖南,华中地区
望城区,湖南,华中地区
荷塘区,湖南,华中地区
芦淞区,湖南,华中地区
石峰区,湖南,华中地区
雨湖区,湖南,华中地区
岳塘区,湖南,华中地区
珠晖区,湖南,华中地区
雁峰区,湖南,华中地区
蒸湘区,湖南,华中地区
广州,广东,华南地区
韶关,广东,华南地区
深圳,广东,华南地区
珠海,广东,华南地区
汕头,广东,华南地区
佛山,广东,华南地区
江门,广东,华南地区
湛江,广东,华南地区
茂名,广东,华南地区
肇庆,广东,华南地区
惠州,广东,华南地区
梅州,广东,华南地区
汕尾,广东,华南地区
河源,广东,华南地区
阳江,广东,华南地区
清远,广东,华南地区
东莞,广东,华南地区
中山,广东,华南地区
潮州,广东,华南地区
揭阳,广东,华南地区
云浮,广东,华南地区
越秀区,广东,华南地区
海珠区,广东,华南地区
荔湾区,广东,华南地区
天河区,广东,华南地区
白云区,广东,华南地区
黄埔区,广东,华南地区
花都区,广东,华南地区
番禺区,广东,华南地区
南沙区,广东,华南地区
从化区,广东,华南地区
增城区,广东,华南地区
福田区,广东,华南地区
罗湖区,广东,华南地区
盐田区,广东,华南地区
南山区,广东,华南地区
宝安区,广东,华南地区
龙岗区,广东,华南地区
龙华区,广东,华南地区
坪山区,广东,华南地区
光明区,广东,华南地区
香洲区,广东,华南地区
金湾区,广东,华南地区
斗门区,广东,华南地区
金平区,广东,华南地区
澄海区,广东,华南地区
濠江区,广东,华南地区
潮阳区,广东,华南地区
潮南区,广东,华南地区
禅城区,广东,华南地区
南海区,广东,华南地区
顺德区,广东,华南地区
高明区,广东,华南地区
三水区,广东,华南地区
浈江区,广东,华南地区
武江区,广东,华南地区
曲江区,广东,华南地区
源城区,广东,华南地区
梅江区,广东,华南地区
梅县区,广东,华南地区
惠城区,广东,华南地区
惠阳区,广东,华南地区
蓬江区,广东,华南地区
江海区,广东,华南地区
新会区,广东,华南地区
江城区,广东,华南地区
阳东区,广东,华南地区
赤坎区,广东,华南地区
霞山区,广东,华南地区
麻章区,广东,华南地区
坡头区,广东,华南地区
茂南区,广东,华南地区
电白区,广东,华南地区
端州区,广东,华南地区
南宁,广西,华南地区
柳州,广西,华南地区
桂林,广西,华南地区
梧州,广西,华南地区
北海,广西,华南地区
防城港,广西,华南地区
钦州,广西,华南地区
贵港,广西,华南地区
玉林,广西,华南地区
百色,广西,华南地区
贺州,广西,华南地区
河池,广西,华南地区
来宾,广西,华南地区
崇左,广西,华南地区
兴宁区,广西,华南地区
青秀区,广西,华南地区
江南区,广西,华南地区
西乡塘区,广西,华南地区
鱼峰区,广西,华南地区
秀峰区,广西,华南地区
海口,海南,华南地区
三亚,海南,华南地区
三沙,海南,华南地区
五指山,海南,华南地区
琼海,海南,华南地区
儋州,海南,华南地区
文昌,海南,华南地区
万宁,海南,华南地区
东方,海南,华南地区
万州区,重庆,西南地区
涪陵区,重庆,西南地区
渝中区,重庆,西南地区
大渡口区,重庆,西南地区
江北区,重庆,西南地区
沙坪坝区,重庆,西南地区
九龙坡区,重庆,西南地区
南岸区,重庆,西南地区
北碚区,重庆,西南地区
两江新区,重庆,西南地区
万盛区,重庆,西南地区
双桥区,重庆,西南地区
渝北区,重庆,西南地区
巴南区,重庆,西南地区
长寿区,重庆,西南地区
南川区,重庆,西南地区
永川区,重庆,西南地区
合川区,重庆,西南地区
荣昌区,重庆,西南地区
成都,四川,西南地区
自贡,四川,西南地区
攀枝花,四川,西南地区
泸州,四川,西南地区
德阳,四川,西南地区
绵阳,四川,西南地区
广元,四川,西南地区
遂宁,四川,西南地区
内江,四川,西南地区
乐山,四川,西南地区
南充,四川,西南地区
眉山,四川,西南地区
宜宾,四川,西南地区
广安,四川,西南地区
达州,四川,西南地区
雅安,四川,西南地区
巴中,四川,西南地区
资阳,四川,西南地区
阿坝藏族羌族自治州,四川,西南地区
甘孜藏族自治州,四川,西南地区
凉山彝族自治州,四川,西南地区
自流井区,四川,西南地区
旌阳区,四川,西南地区
涪城区,四川,西南地区
利州区,四川,西南地区
船山区,四川,西南地区
东坡区,四川,西南地区
通川区,四川,西南地区
雨城区,四川,西南地区
巴州区,四川,西南地区
雁江区,四川,西南地区
武侯区,四川,西南地区
江阳区,四川,西南地区
顺庆区,四川,西南地区
贵阳,贵州,西南地区
六盘水,贵州,西南地区
遵义,贵州,西南地区
安顺,贵州,西南地区
铜仁,贵州,西南地区
黔西南布依族苗族自治州,贵州,西南地区
毕节,贵州,西南地区
黔东南苗族侗族自治州,贵州,西南地区
黔南布依族苗族自治州,贵州,西南地区
观山湖区,贵州,西南地区
南明区,贵州,西南地区
云岩区,贵州,西南地区
花溪区,贵州,西南地区
红花岗区,贵州,西南地区
钟山区,贵州,西南地区
碧江区,贵州,西南地区
昆明,云南,西南地区
曲靖,云南,西南地区
玉溪,云南,西南地区
保山,云南,西南地区
昭通,云南,西南地区
丽江,云南,西南地区
普洱,云南,西南地区
临沧,云南,西南地区
楚雄彝族自治州,云南,西南地区
红河哈尼族彝族自治州,云南,西南地区
文山壮族苗族自治州,云南,西南地区
西双版纳傣族自治州,云南,西南地区
大理白族自治州,云南,西南地区
德宏傣族景颇族自治州,云南,西南地区
怒江傈僳族自治州,云南,西南地区
迪庆藏族自治州,云南,西南地区
拉萨,西藏,西南地区
昌都,西藏,西南地区
山南,西藏,西南地区
日喀则,西藏,西南地区
那曲,西藏,西南地区
阿里地区,西藏,西南地区
林芝,西藏,西南地区
西安,陕西,西北地区
铜川,陕西,西北地区
宝鸡,陕西,西北地区
咸阳,陕西,西北地区
渭南,陕西,西北地区
延安,陕西,西北地区
汉中,陕西,西北地区
榆林,陕西,西北地区
安康,陕西,西北地区
商洛,陕西,西北地区
碑林区,陕西,西北地区
莲湖区,陕西,西北地区
雁塔区,陕西,西北地区
灞桥区,陕西,西北地区
临潼区,陕西,西北地区
高陵区,陕西,西北地区
蓝田县,陕西,西北地区
周至县,陕西,西北地区
王益区,陕西,西北地区
耀州区,陕西,西北地区
渭滨区,陕西,西北地区
金台区,陕西,西北地区
凤翔区,陕西,西北地区
眉县,陕西,西北地区
千阳县,陕西,西北地区
麟游县,陕西,西北地区
兰州,甘肃,西北地区
嘉峪关,甘肃,西北地区
金昌,甘肃,西北地区
白银,甘肃,西北地区
天水,甘肃,西北地区
武威,甘肃,西北地区
张掖,甘肃,西北地区
平凉,甘肃,西北地区
酒泉,甘肃,西北地区
庆阳,甘肃,西北地区
定西,甘肃,西北地区
陇南,甘肃,西北地区
临夏回族自治州,甘肃,西北地区
甘南藏族自治州,甘肃,西北地区
西宁,青海,西北地区
海东地区,青海,西北地区
海北藏族自治州,青海,西北地区
黄南藏族自治州,青海,西北地区
海南藏族自治州,青海,西北地区
果洛藏族自治州,青海,西北地区
玉树藏族自治州,青海,西北地区
海西蒙古族藏族自治州,青海,西北地区
银川,宁夏,西北地区
石嘴山,宁夏,西北地区
吴忠,宁夏,西北地区
固原,宁夏,西北地区
中卫,宁夏,西北地区
乌鲁木齐,新疆,西北地区
克拉玛依,新疆,西北地区
吐鲁番,新疆,西北地区
哈密,新疆,西北地区
昌吉回族自治州,新疆,西北地区
博尔塔拉蒙古自治州,新疆,西北地区
巴音郭楞蒙古自治州,新疆,西北地区
阿克苏地区,新疆,西北地区
克孜勒苏柯尔克孜自治州,新疆,西北地区
喀什地区,新疆,西北地区
和田地区,新疆,西北地区
伊犁哈萨克自治州,新疆,西北地区
塔城地区,新疆,西北地区
阿勒泰地区,新疆,西北地区
台北,台湾,华东地区
高雄,台湾,华东地区
基隆,台湾,华东地区
台中,台湾,华东地区
台南,台湾,华东地区
新竹,台湾,华东地区
嘉义,台湾,华东地区
台北县,台湾,华东地区
宜兰县,台湾,华东地区
中西区,香港,华南地区
东区,香港,华南地区
九龙城区,香港,华南地区
观塘区,香港,华南地区
南区,香港,华南地区
深水肚,香港,华南地区
黄大仙区,香港,华南地区
湾仔区,香港,华南地区
花地玛堂区,澳门,华南地区
圣安多尼堂区,澳门,华南地区
大堂区,澳门,华南地区
望德堂区,澳门,华南地区
风顺堂区,澳门,华南地区
